{
  "appName": "Avant-Garde Ops",
  "entities": [
    {
      "name": "Client",
      "pluralName": "Clients",
      "tableName": "clients",
      "primaryKey": "id",
      "displayProperty": "email",
      "icon": "People",
      "showOnDashboard": true,
      "properties": [
        { "name": "id", "label": "ID", "type": "UUID", "isPrimaryKey": true, "required": true },
        { "name": "first_name", "label": "First Name", "type": "TEXT", "required": true },
        { "name": "last_name", "label": "Last Name", "type": "TEXT", "required": true },
        { "name": "phone_number", "label": "Phone", "type": "TEXT", "required": false },
        { "name": "email", "label": "Email", "type": "TEXT", "required": true, "isDisplay": true }
      ]
    },
    {
      "name": "RV",
      "pluralName": "RVs",
      "tableName": "rv_inventory",
      "primaryKey": "vin",
      "displayProperty": "vin_display",
      "icon": "RvHookup",
      "showOnDashboard": true,
      "properties": [
        { "name": "vin", "label": "VIN", "type": "TEXT", "isPrimaryKey": true, "required": true },
        { "name": "make", "label": "Make", "type": "TEXT", "required": true },
        { "name": "model", "label": "Model", "type": "TEXT", "required": true },
        { "name": "year", "label": "Year", "type": "NUMBER", "required": true },
        { "name": "rv_class", "label": "Class", "type": "TEXT", "required": false },
        { "name": "status", "label": "Status", "type": "TEXT", "required": false },
        { "name": "owner_id", "label": "Owner", "type": "RELATIONSHIP", "required": false, "relatedTo": "Client" }
      ],
      "computedProperties": [
        { "name": "vin_display", "label": "RV", "format": "{year} {make} {model} ({vin})", "isDisplay": true}
      ]
    },
    {
      "name": "Inspection",
      "pluralName": "Inspections",
      "tableName": "inspections",
      "primaryKey": "id",
      "displayProperty": "id",
      "icon": "Checklist",
      "showOnDashboard": false,
      "properties": [
        { "name": "id", "label": "ID", "type": "UUID", "isPrimaryKey": true, "required": true },
        { "name": "rv_vin", "label": "RV", "type": "RELATIONSHIP", "required": true, "relatedTo": "RV" },
        { "name": "inspector_name", "label": "Inspector", "type": "TEXT", "required": true },
        { "name": "inspection_date", "label": "Date", "type": "DATE", "required": true },
        { "name": "notes", "label": "Notes", "type": "TEXT_AREA", "required": false },
        { "name": "passed", "label": "Passed", "type": "BOOLEAN", "required": true }
      ]
    }
  ]
}